{"web":{"client_id":"370472033279-afjo840obm0r9m1oi42qi91il3komjfp.apps.googleusercontent.com","project_id":"rtcamp-fb","auth_uri":"https://accounts.google.com/o/oauth2/auth","token_uri":"https://www.googleapis.com/oauth2/v3/token","auth_provider_x509_cert_url":"https://www.googleapis.com/oauth2/v1/certs","client_secret":"QvRga3CEz9p18pBGRASMPX4f","redirect_uris":["https://localhost/Facebook-Challenge/googleDrive-login.php","https://parthpatel454500.000webhostapp.com/googleDrive-login.php","https://facebook-challenge.herokuapp.com/googleDrive-login.php","https://facebook-challenge-rtcamp.herokuapp.com/googleDrive-login.php"],"javascript_origins":["https://parthpatel454500.000webhostapp.com"]}}